{
  "content": [
    {
      "id": "fe7ef721-85b1-4441-9c7e-1d8674a0b21e",
      "propertyName": "shakti",
      "addressLine1": "123 Main Street",
      "addressLine2": "Near City Mall",
      "locality": "Downtown",
      "city": "Delhi",
      "pincode": "560001",
      "propertyType": "VILLA",
      "description": "This is wonderful society in HSR",
      "createdBy": "admin@tenanttrust.com",
      "createdAt": "2025-09-28T01:00:14.298322",
      "reviewCount": 0,
      "userFullName": "System Admin"
    },
    {
      "id": "7a2c5acd-efc0-42c3-b93c-e76c918df88c",
      "propertyName": "new shakti",
      "addressLine1": "123 Main Street",
      "addressLine2": "Near City Mall",
      "locality": "Downtown",
      "city": "Bangalore",
      "pincode": "560001",
      "propertyType": "APARTMENT",
      "description": "This is wonderful society in HSR",
      "createdBy": "admin@tenanttrust.com",
      "createdAt": "2025-09-28T00:27:55.297502",
      "reviewCount": 4,
      "userFullName": "System Admin"
    },
    {
      "id": "d67fede4-f196-49d6-8224-51eb7efc5285",
      "propertyName": "raka5",
      "addressLine1": "123 Main Street",
      "addressLine2": "Near City Mall",
      "locality": "Downtown",
      "city": "Delhi",
      "pincode": "560001",
      "propertyType": "VILLA",
      "description": "This is wonderful society in HSR",
      "createdBy": "admin@tenanttrust.com",
      "createdAt": "2025-09-27T22:55:16.882468",
      "reviewCount": 1,
      "userFullName": "System Admin"
    },
    {
      "id": "eca26380-a07b-43d4-b9af-2503ff43981a",
      "propertyName": "raka5",
      "addressLine1": "123 Main Street",
      "addressLine2": "Near City Mall",
      "locality": "Downtown",
      "city": "Bangalore",
      "pincode": "560001",
      "propertyType": "VILLA",
      "description": "This is wonderful society in HSR",
      "createdBy": "admin@tenanttrust.com",
      "createdAt": "2025-09-27T22:54:48.738394",
      "reviewCount": 5,
      "userFullName": "System Admin"
    },
    {
      "id": "239d5faf-6b76-475d-b6fb-52f610f7538f",
      "propertyName": "raka4",
      "addressLine1": "123 Main Street",
      "addressLine2": "Near City Mall",
      "locality": "Downtown",
      "city": "Bangalore",
      "pincode": "560001",
      "propertyType": "VILLA",
      "description": "This is wonderful society in HSR",
      "createdBy": "admin@tenanttrust.com",
      "createdAt": "2025-09-27T22:54:38.314074",
      "reviewCount": 2,
      "userFullName": "System Admin"
    },
    {
      "id": "bacd8c73-e5fb-4a29-8e4b-2ee746915768",
      "propertyName": "raka3",
      "addressLine1": "123 Main Street",
      "addressLine2": "Near City Mall",
      "locality": "Downtown",
      "city": "Bangalore",
      "pincode": "560001",
      "propertyType": "VILLA",
      "description": "This is wonderful society in HSR",
      "createdBy": "admin@tenanttrust.com",
      "createdAt": "2025-09-27T18:15:55.591295",
      "reviewCount": 1,
      "userFullName": "System Admin"
    }
  ],
  "pageable": {
    "sort": {
      "sorted": true,
      "unsorted": false,
      "empty": false
    },
    "pageNumber": 0,
    "pageSize": 20,
    "offset": 0,
    "paged": true,
    "unpaged": false
  },
  "totalPages": 1,
  "totalElements": 6,
  "last": true,
  "numberOfElements": 6,
  "first": true,
  "size": 20,
  "number": 0,
  "sort": {
    "sorted": true,
    "unsorted": false,
    "empty": false
  },
  "empty": false
}